{"pitch_0": {"sectors_values": [[65.280000000000001, 78.260000000000005, 54.090000000000003], [76.280000000000001, 94.25, 62.450000000000003], [77.400000000000006, 95.459999999999994, 63.719999999999999], [72.260000000000005, 93.640000000000001, 62.380000000000003], [78.969999999999999, 95.459999999999994, 62.780000000000001], [80.159999999999997, 96.640000000000001, 65.870000000000005], [81.670000000000002, 98.349999999999994, 66.430000000000007], [70.579999999999998, 99.079999999999998, 66.400000000000006], [80.769999999999996, 97.25, 66.530000000000001], [63.840000000000003, 76.340000000000003, 53.479999999999997], [85.540000000000006, 101.27, 70.790000000000006], [79.349999999999994, 98.290000000000006, 66.260000000000005]], "avg": [76.260091145833329, 93.756510416666671, 63.251302083333336], "sectors": [[66.0, 231.20000000000002], [202.0, 231.20000000000002], [343.0, 231.20000000000002], [479.0, 231.20000000000002], [66.0, 144.0], [202.0, 144.0], [343.0, 144.0], [479.0, 144.0], [66.0, 57.800000000000004], [202.0, 57.800000000000004], [343.0, 57.800000000000004], [479.0, 57.800000000000004]]}, "pitch_1": {"sectors_values": [[138.69999999999999, 135.83000000000001, 95.099999999999994], [67.629999999999995, 81.480000000000004, 53.159999999999997], [78.400000000000006, 94.379999999999995, 63.490000000000002], [80.700000000000003, 95.430000000000007, 63.539999999999999], [74.799999999999997, 92.099999999999994, 59.460000000000001], [78.060000000000002, 95.340000000000003, 63.390000000000001], [79.650000000000006, 97.159999999999997, 65.269999999999996], [58.560000000000002, 61.780000000000001, 78.400000000000006], [78.840000000000003, 95.579999999999998, 64.180000000000007], [83.849999999999994, 99.25, 69.400000000000006], [82.319999999999993, 92.030000000000001, 69.180000000000007], [83.519999999999996, 100.68000000000001, 68.280000000000001]], "avg": [82.531901041666671, 95.965169270833329, 69.0732421875], "sectors": [[55.0, 232.0], [185.0, 232.0], [331.0, 232.0], [457.0, 232.0], [55.0, 145.0], [185.0, 145.0], [331.0, 145.0], [457.0, 145.0], [55.0, 58.0], [185.0, 58.0], [331.0, 58.0], [457.0, 58.0]]}}