{"pitch_0": {"sectors_values": [[29.170000000000002, 61.649999999999999, 41.280000000000001], [31.719999999999999, 64.879999999999995, 40.759999999999998], [32.189999999999998, 62.93, 45.07], [32.549999999999997, 62.960000000000001, 43.68], [30.620000000000001, 64.890000000000001, 44.549999999999997], [35.369999999999997, 67.719999999999999, 49.090000000000003], [31.469999999999999, 64.519999999999996, 44.490000000000002], [32.850000000000001, 66.370000000000005, 44.280000000000001], [31.66, 64.670000000000002, 46.810000000000002], [30.609999999999999, 62.200000000000003, 44.950000000000003], [30.969999999999999, 65.920000000000002, 42.68], [32.509999999999998, 68.459999999999994, 46.009999999999998]], "avg": [32.0078125, 64.65625, 44.676106770833336], "sectors": [[54, 238], [61, 139], [87, 23], [172, 243], [200, 140], [185, 54], [310, 227], [316, 121], [296, 40], [440, 240], [451, 135], [433, 42]]}, "pitch_1": {"sectors_values": [[75.659999999999997, 94.739999999999995, 79.950000000000003], [81.569999999999993, 97.540000000000006, 80.780000000000001], [82.450000000000003, 94.650000000000006, 79.329999999999998], [72.269999999999996, 80.680000000000007, 64.670000000000002], [76.140000000000001, 93.480000000000004, 74.549999999999997], [80.120000000000005, 96.870000000000005, 78.689999999999998], [76.709999999999994, 91.609999999999999, 76.769999999999996], [62.460000000000001, 79.420000000000002, 65.519999999999996], [80.409999999999997, 97.200000000000003, 77.579999999999998], [80.829999999999998, 98.890000000000001, 81.5], [73.810000000000002, 92.879999999999995, 80.060000000000002], [60.799999999999997, 80.530000000000001, 67.849999999999994]], "avg": [76.236328125, 91.724934895833329, 75.685546875], "sectors": [[64.0, 256.80000000000001], [203.0, 256.80000000000001], [352.0, 256.80000000000001], [492.0, 256.80000000000001], [64.0, 160.0], [203.0, 160.0], [352.0, 160.0], [492.0, 160.0], [64.0, 64.200000000000003], [203.0, 64.200000000000003], [352.0, 64.200000000000003], [492.0, 64.200000000000003]]}}