{"pitch_0": {"sectors_values": [[53.049999999999997, 51.200000000000003, 52.509999999999998], [89.340000000000003, 80.459999999999994, 86.280000000000001], [103.44, 99.329999999999998, 104.11], [118.95999999999999, 118.75, 121.89], [64.719999999999999, 82.159999999999997, 50.719999999999999], [70.370000000000005, 84.530000000000001, 53.240000000000002], [70.510000000000005, 85.890000000000001, 54.100000000000001], [68.010000000000005, 85.530000000000001, 51.880000000000003]], "avg": [79.5810546875, 85.9423828125, 71.4248046875], "sectors": [[228, 62], [228, 196], [228, 336], [228, 467], [76, 62], [76, 196], [76, 336], [76, 467]]}, "pitch_1": {"sectors_values": [[69.609999999999999, 112.56999999999999, 97.879999999999995], [70.219999999999999, 116.05, 99.140000000000001], [71.840000000000003, 112.53, 97.010000000000005], [62.039999999999999, 98.650000000000006, 84.609999999999999], [65.349999999999994, 110.79000000000001, 93.769999999999996], [70.420000000000002, 115.40000000000001, 98.409999999999997], [69.790000000000006, 111.41, 96.010000000000005], [60.670000000000002, 99.989999999999995, 83.75], [69.299999999999997, 114.48, 95.189999999999998], [69.510000000000005, 116.08, 99.319999999999993], [63.770000000000003, 110.45, 98.099999999999994], [59.369999999999997, 99.219999999999999, 87.519999999999996]], "avg": [67.188151041666671, 109.77962239583333, 94.201822916666671], "sectors": [[62.0, 243.20000000000002], [196.0, 243.20000000000002], [336.0, 243.20000000000002], [467.0, 243.20000000000002], [62.0, 152.0], [196.0, 152.0], [336.0, 152.0], [467.0, 152.0], [62.0, 60.800000000000004], [196.0, 60.800000000000004], [336.0, 60.800000000000004], [467.0, 60.800000000000004]]}}